,pex,vamm,te
0,,1.2610446664673254,0.0
1,30988.0,0.8678392222431721,0.2
2,80662.5,0.6541822813284648,0.4
3,65679.0,0.905070888607791,0.2
