,pex,vamm,te
0,41038.0,0.5349704304088715,0.6
1,56142.333333333336,0.5119999463808809,0.6
2,11782.6,0.4281166199972817,1.0
3,48948.25,0.5472589201949853,0.8
